Name,Created,Tags,Updated
Get started with KVM & Kubernetes,"July 20, 2020 8:30 PM","cloud, kubernetes, kvm, linux","July 20, 2020 8:33 PM"
,"April 14, 2024 3:54 PM",virtualbox,"April 14, 2024 3:54 PM"
"Debian: Security Server ","June 21, 2020 2:06 PM","debian, linux","June 23, 2020 7:04 PM"
"Facebook Draft ","June 17, 2020 11:23 AM",,"June 29, 2020 11:25 AM"
MySQL Performance Cheat Sheet,"April 6, 2020 12:29 PM","Database, Mysql, Webserver","July 26, 2020 12:14 PM"
Khắc phục cận thị bằng phương pháp tự nhiên – Các bài tập cho mắt,"March 11, 2020 10:27 AM",Sức khỏe,"June 21, 2020 1:15 PM"
Complete Guide To Optimizing WordPress Sites With Yoast,"February 24, 2019 7:29 PM",,"June 21, 2020 1:15 PM"
Ultimate WordPress SEO Guide [2019] | 21+ WordPress SEO Tips,"February 24, 2019 7:25 PM",SEO,"June 21, 2020 1:15 PM"
Tool publish bài viết theo tips của anh Andy Nghiêm Túc tích hợp cho WordPres,"February 24, 2019 7:15 PM",SEO,"June 21, 2020 1:15 PM"
Kỹ thuật lấy các từ khóa gợi ý từ các search engine,"February 24, 2019 6:59 PM",SEO,"June 21, 2020 1:15 PM"
Cách Google Index nhanh,"February 24, 2019 6:58 PM",SEO,"June 21, 2020 1:15 PM"
16 SEO TOOLs HACKING TRAFFICs,"February 24, 2019 6:50 PM",SEO,"June 21, 2020 1:15 PM"
Hiểu về các thông số cấu hình trong nginx va php-fpm,"January 31, 2019 3:52 PM",php,"June 21, 2020 1:15 PM"
Mạng lưới lora và các nhà cung cấp thiết bị trên thế giới,"January 12, 2019 12:31 PM",iot,"June 21, 2020 1:15 PM"
"Linux: Increase ""Open Files Limit""","January 10, 2019 6:07 PM",linux,"June 21, 2020 2:08 PM"
Mysql: Common commands,"January 8, 2019 7:34 PM",Mysql,"July 26, 2020 12:13 PM"
Kiếm soát thời gian,"November 7, 2018 12:28 PM",,"June 21, 2020 1:15 PM"
Nginx: Local SSL & HTTPS,"October 25, 2018 4:45 AM","Webserver, debian, nginx","May 10, 2024 11:10 PM"
Linux: Build own distro based on Debian,"September 20, 2018 11:59 AM","debian, linux","June 21, 2020 1:15 PM"
Linux: Delete files and directories,"September 14, 2018 5:21 PM",linux,"June 21, 2020 1:15 PM"
PHP: PHP-FPM Configuration,"August 23, 2018 1:52 PM",php,"June 21, 2020 1:15 PM"
Linux: Installation Let Enscrypt's on Debian 9 with Nginx,"August 22, 2018 8:20 PM","debian, linux, nginx","February 4, 2023 8:36 AM"
Virtualbox: Common commands,"August 22, 2018 1:24 PM",virtualbox,"June 26, 2020 4:17 PM"
Hyper-V: Common commands,"August 16, 2018 11:58 PM",hyper-v,"June 21, 2020 1:15 PM"
Mysql: Common issues,"October 17, 2017 4:58 AM",Mysql,"July 26, 2020 12:13 PM"
Linux: Monitoring SSH remote login with sendmail,"October 16, 2017 3:05 AM",linux,"June 21, 2020 1:15 PM"
Linux: Optimization,"October 16, 2017 2:52 AM",debian,"June 21, 2020 1:15 PM"
Virtualbox: Common issues,"October 16, 2017 2:45 AM",virtualbox,"June 21, 2020 1:15 PM"
Linux: Common Issues,"October 16, 2017 2:43 AM",linux,"June 21, 2020 1:15 PM"
Debian: Installing Server,"October 8, 2017 8:04 PM","debian, linux","March 29, 2024 7:50 AM"
Nodejs: Singleton pattern,"October 6, 2017 6:01 PM",nodejs,"June 21, 2020 1:15 PM"
Nodejs: How to use try/catch for debug,"September 28, 2017 4:40 PM",nodejs,"June 21, 2020 1:15 PM"
Nodejs: Cách tính toán thời gian thực thi của 1 task hoặc function,"September 27, 2017 9:25 PM",nodejs,"June 21, 2020 1:15 PM"
Nodejs: Handle error inside try/catch with reject or throw,"September 25, 2017 12:03 AM",nodejs,"June 21, 2020 1:15 PM"
Linux: Creating Systemd Service Files,"August 28, 2017 3:14 PM",linux,"June 21, 2020 1:15 PM"
PostgreSQL: Common issues,"April 11, 2017 5:50 PM",postgresql,"June 21, 2020 1:15 PM"
Shadowsocks: TCP Fast Open,"April 6, 2017 4:31 AM",shadowsocks,"June 21, 2020 1:15 PM"
Shadowsocks: Installing privoxy,"April 6, 2017 3:18 AM",shadowsocks,"June 21, 2020 1:15 PM"
Shadowsocks: KCP,"April 5, 2017 9:31 PM",shadowsocks,"June 21, 2020 1:15 PM"
PostgreSQL: Common commands,"April 4, 2017 8:00 AM",postgresql,"June 21, 2020 1:15 PM"
Linux: Common commands,"March 31, 2017 10:51 AM",linux,"June 21, 2020 1:15 PM"
Linux: Customize sysctl.conf,"December 31, 2016 4:31 AM",linux,"June 21, 2020 1:15 PM"
Mysql: Converting latin1 to utf8mb4 charset,"May 13, 2016 11:52 PM",Mysql,"July 26, 2020 12:13 PM"
Nodejs: Running app with Nginx as HTTP proxy,"April 7, 2016 4:31 PM","nginx, nodejs","June 21, 2020 1:15 PM"
Server Management: Moving a website,"May 30, 2015 11:16 PM",Webserver,"July 27, 2020 12:03 AM"
Linh Tinh,"June 21, 2020 1:12 PM",,"June 21, 2020 1:13 PM"
Nginx: Multi tenant,"July 21, 2014 10:32 PM",nginx,"June 21, 2020 1:15 PM"